{
  "attention_q (2048x1536)": {
    "GGUF": {
      "ratio": 3.5555475180222844,
      "error": 0.09703360497951508,
      "time_ms": 39.382858012686484,
      "bits": 4
    },
    "GPTQ": {
      "ratio": 3.992202729044834,
      "error": 0.06993500888347626,
      "time_ms": 145.87114698952064
    },
    "AWQ": {
      "ratio": 3.9844357976653697,
      "error": 0.14977705478668213,
      "time_ms": 22.703822003677487
    },
    "SpectralStream": {
      "ratio": 3.878778313460993,
      "error": 0.0064593908747642105,
      "time_ms": 1145.4460020031547,
      "method": "block_int8"
    }
  },
  "ffn_gate (6144x1536)": {
    "GGUF": {
      "ratio": 3.5555528763737607,
      "error": 0.09694841504096985,
      "time_ms": 183.8013289961964,
      "bits": 4
    },
    "GPTQ": {
      "ratio": 3.9973975276512688,
      "error": 0.0751243457198143,
      "time_ms": 468.5454480058979
    },
    "AWQ": {
      "ratio": 3.9947984395318596,
      "error": 0.1609572470188141,
      "time_ms": 191.11448599142022
    },
    "SpectralStream": {
      "ratio": 3.878784690340342,
      "error": 0.006457973776892424,
      "time_ms": 3023.012921010377,
      "method": "block_int8"
    }
  },
  "embedding (1024x1536)": {
    "GGUF": {
      "ratio": 3.555539480525352,
      "error": 0.09702766686677933,
      "time_ms": 10.013029997935519,
      "bits": 4
    },
    "GPTQ": {
      "ratio": 3.9844357976653697,
      "error": 0.06717033684253693,
      "time_ms": 82.26476900745183
    },
    "AWQ": {
      "ratio": 3.9689922480620154,
      "error": 0.14394034445285797,
      "time_ms": 9.076722009922378
    },
    "SpectralStream": {
      "ratio": 3.8787687481812845,
      "error": 0.006470161554395915,
      "time_ms": 367.8261979948729,
      "method": "block_int8"
    }
  },
  "output (1024x1536)": {
    "GGUF": {
      "ratio": 3.555539480525352,
      "error": 0.09693466871976852,
      "time_ms": 16.50490300380625,
      "bits": 4
    },
    "GPTQ": {
      "ratio": 3.9844357976653697,
      "error": 0.0666477158665657,
      "time_ms": 82.62018299137708
    },
    "AWQ": {
      "ratio": 3.9689922480620154,
      "error": 0.14280088245868683,
      "time_ms": 8.954710006946698
    },
    "SpectralStream": {
      "ratio": 3.8787687481812845,
      "error": 0.006465431619048655,
      "time_ms": 390.5875430064043,
      "method": "block_int8"
    }
  }
}