{
  "model": "gemma-4-E2B",
  "pipeline": "5stage_cascade + block_int8",
  "results": {
    "attention_k": {
      "5stage_cascade": {
        "shape": [
          512,
          512
        ],
        "full_shape": [
          512,
          1536
        ],
        "ratio_vs_fp32": 44.61,
        "ratio_vs_bf16": 22.31,
        "rel_mse": 0.8158091699194208,
        "cosine_sim": 0.4291762263407513,
        "max_abs": 0.17800715286284685,
        "snr_db": 0.8841175288003416,
        "time_s": 54.445
      },
      "block_int8": {
        "shape": [
          512,
          512
        ],
        "full_shape": [
          512,
          1536
        ],
        "ratio_vs_fp32": 3.88,
        "ratio_vs_bf16": 1.94,
        "rel_mse": 5.3665379741515375e-05,
        "cosine_sim": 0.9999731684603688,
        "max_abs": 0.000926584005355835,
        "snr_db": 42.7030612866005,
        "time_s": 0.014
      }
    },
    "attention_o": {
      "5stage_cascade": {
        "shape": [
          512,
          512
        ],
        "full_shape": [
          1536,
          4096
        ],
        "ratio_vs_fp32": 44.61,
        "ratio_vs_bf16": 22.31,
        "rel_mse": 0.8856854150244148,
        "cosine_sim": 0.3381051211286589,
        "max_abs": 0.1469279277662281,
        "snr_db": 0.5272062552356431,
        "time_s": 54.067
      },
      "block_int8": {
        "shape": [
          512,
          512
        ],
        "full_shape": [
          1536,
          4096
        ],
        "ratio_vs_fp32": 3.88,
        "ratio_vs_bf16": 1.94,
        "rel_mse": 4.636655425078543e-05,
        "cosine_sim": 0.9999768186934899,
        "max_abs": 0.0005757492035627365,
        "snr_db": 43.337952962147945,
        "time_s": 0.029
      }
    },
    "attention_q": {
      "5stage_cascade": {
        "shape": [
          512,
          512
        ],
        "full_shape": [
          4096,
          1536
        ],
        "ratio_vs_fp32": 44.61,
        "ratio_vs_bf16": 22.31,
        "rel_mse": 0.7212492435625281,
        "cosine_sim": 0.52796860870998,
        "max_abs": 0.11742144776508212,
        "snr_db": 1.4191465701681873,
        "time_s": 55.065
      },
      "block_int8": {
        "shape": [
          512,
          512
        ],
        "full_shape": [
          4096,
          1536
        ],
        "ratio_vs_fp32": 3.88,
        "ratio_vs_bf16": 1.94,
        "rel_mse": 4.9132093881550927e-05,
        "cosine_sim": 0.9999754336570752,
        "max_abs": 0.0009727180004119873,
        "snr_db": 43.08634754672008,
        "time_s": 0.023
      }
    },
    "attention_v": {
      "5stage_cascade": {
        "shape": [
          512,
          512
        ],
        "full_shape": [
          512,
          1536
        ],
        "ratio_vs_fp32": 44.61,
        "ratio_vs_bf16": 22.31,
        "rel_mse": 0.8651031582802888,
        "cosine_sim": 0.3672832378241407,
        "max_abs": 0.18687510897871107,
        "snr_db": 0.6293212702234197,
        "time_s": 56.44
      },
      "block_int8": {
        "shape": [
          512,
          512
        ],
        "full_shape": [
          512,
          1536
        ],
        "ratio_vs_fp32": 3.88,
        "ratio_vs_bf16": 1.94,
        "rel_mse": 8.536431100802928e-05,
        "cosine_sim": 0.9999573195996195,
        "max_abs": 0.0009727180004119873,
        "snr_db": 40.6872368514287,
        "time_s": 0.018
      }
    },
    "embedding": {
      "5stage_cascade": {
        "shape": [
          512,
          512
        ],
        "full_shape": [
          262144,
          1536
        ],
        "ratio_vs_fp32": 44.61,
        "ratio_vs_bf16": 22.31,
        "rel_mse": 0.8543859004350519,
        "cosine_sim": 0.3816713234591296,
        "max_abs": 0.16095752158435062,
        "snr_db": 0.6837574344031123,
        "time_s": 55.415
      },
      "block_int8": {
        "shape": [
          512,
          512
        ],
        "full_shape": [
          262144,
          1536
        ],
        "ratio_vs_fp32": 3.88,
        "ratio_vs_bf16": 1.94,
        "rel_mse": 4.687151309653392e-05,
        "cosine_sim": 0.999976568295322,
        "max_abs": 0.0011899452656507492,
        "snr_db": 43.29120842656374,
        "time_s": 0.024
      }
    },
    "ffn_down": {
      "5stage_cascade": {
        "shape": [
          512,
          512
        ],
        "full_shape": [
          1536,
          12288
        ],
        "ratio_vs_fp32": 44.61,
        "ratio_vs_bf16": 22.31,
        "rel_mse": 0.9234574636953344,
        "cosine_sim": 0.2766989815081408,
        "max_abs": 0.08890908386092633,
        "snr_db": 0.34591761433037016,
        "time_s": 55.038
      },
      "block_int8": {
        "shape": [
          512,
          512
        ],
        "full_shape": [
          1536,
          12288
        ],
        "ratio_vs_fp32": 3.88,
        "ratio_vs_bf16": 1.94,
        "rel_mse": 5.392610612454773e-05,
        "cosine_sim": 0.9999730381444255,
        "max_abs": 0.00035359524190425873,
        "snr_db": 42.682095951422866,
        "time_s": 0.02
      }
    },
    "ffn_gate": {
      "5stage_cascade": {
        "shape": [
          512,
          512
        ],
        "full_shape": [
          12288,
          1536
        ],
        "ratio_vs_fp32": 44.61,
        "ratio_vs_bf16": 22.31,
        "rel_mse": 0.8486935066306873,
        "cosine_sim": 0.38899459324820224,
        "max_abs": 0.17435578780714422,
        "snr_db": 0.7125105439679056,
        "time_s": 56.425
      },
      "block_int8": {
        "shape": [
          512,
          512
        ],
        "full_shape": [
          12288,
          1536
        ],
        "ratio_vs_fp32": 3.88,
        "ratio_vs_bf16": 1.94,
        "rel_mse": 4.7543535786036294e-05,
        "cosine_sim": 0.9999762290955815,
        "max_abs": 0.0009977072477340698,
        "snr_db": 43.22910456961487,
        "time_s": 0.023
      }
    },
    "ffn_up": {
      "5stage_cascade": {
        "shape": [
          512,
          512
        ],
        "full_shape": [
          12288,
          1536
        ],
        "ratio_vs_fp32": 44.61,
        "ratio_vs_bf16": 22.31,
        "rel_mse": 0.9116907216826872,
        "cosine_sim": 0.29718410349340096,
        "max_abs": 0.20459833997301757,
        "snr_db": 0.40155853136786457,
        "time_s": 57.766
      },
      "block_int8": {
        "shape": [
          512,
          512
        ],
        "full_shape": [
          12288,
          1536
        ],
        "ratio_vs_fp32": 3.88,
        "ratio_vs_bf16": 1.94,
        "rel_mse": 4.75899689379368e-05,
        "cosine_sim": 0.9999762082207707,
        "max_abs": 0.0007948987185955048,
        "snr_db": 43.224879667904695,
        "time_s": 0.01
      }
    }
  }
}